date,ticker,latest_actual_year,financials_available_as_of,latest_revenue_growth,latest_ebitda_margin,latest_contribution_margin,latest_pe_ratio,latest_ev_ebitda,latest_fcf_yield,latest_fcf_margin,latest_ocf_sales_ratio,latest_debt_to_equity,latest_current_ratio,latest_roe,latest_eps,growth_score_abs,margin_score_abs,earnings_score_abs,cashflow_score_abs,balance_sheet_score_abs,roe_score_abs,absolute_quality_score,positive_catalysts,negative_catalysts,neutral_catalysts,catalyst_articles_used,catalyst_score,catalyst_evidence,risk_term_hits,risk_weighted_hits,risk_score,risk_evidence,news_count,news_start_date,news_end_date,top_news_titles,evidence_path,growth_score_rel,margin_score_rel,cashflow_score_rel,roe_score_rel,leverage_score_rel,quality_relative_score,business_quality_score,valuation_score,finrobot_score,finrobot_decision,finrobot_multiplier,finrobot_rationale
2026-01-02,GOOGL,2024A,2025-02-04,0.139,0.387,0.5820000000000001,23.292381989252682,17.238442619318434,0.0312025793286042,0.5807229107973727,0.3579787325223274,0.0783212954190301,1.8369313974102912,0.3079757847202569,8.13,0.54,0.8451,1.0,1.0,0.9125,1.0,0.8529,31,7,316,354,0.86,historical_fmp_news_published_before_rebalance,40,51.1,0.7805,historical_fmp_news_published_before_rebalance,354,2025-12-03,2026-01-02,"Google's 2026 Test: Slowing EPS Will Put Cloud Growth In The Spotlight | Alphabet Isn't Dead, It's Our Top 2026 Pick | MrBeast Warns YouTube Won't Be Easy To Beat When It Comes To 'Competing On Revenue' For Elon Musk's X: 'They're The Best Platform'",finrobot_outputs/GOOGL/analysis,1.0,1.0,0.8,0.8,0.8,0.9,0.8717,0.95,0.8798,strong_keep,1.2,"quality=0.87, valuation=0.95, catalyst=0.86, risk=0.78"
2026-01-02,AMAT,2025A,2025-12-12,0.044000000000000004,0.34,0.48700000000000004,26.57749642755073,19.25371191709845,0.0306361677111352,0.7160090474993717,0.2805273547659334,0.3453343130051433,2.6104513064133017,0.3427871662992897,8.71,0.2686,0.6901,1.0,0.9649,0.9137,1.0,0.7498,11,0,38,49,0.9462,historical_fmp_news_published_before_rebalance,19,18.7,0.25,historical_fmp_news_published_before_rebalance,49,2025-12-03,2026-01-02,NVDA vs. AMAT: Which Semiconductor Stock Is the Better Buy Now? | AI boom seen lifting chipmaking equipment sales 9% to $126 billion in 2026 | What Is Going On With AMAT Stock?,finrobot_outputs/AMAT/analysis,0.4,0.8,0.6,1.0,0.39999999999999997,0.63,0.7019,0.68,0.7001,keep,1.0,"quality=0.70, valuation=0.68, catalyst=0.95, risk=0.25"
2026-01-02,CSCO,2025A,2025-09-03,0.053,0.271,0.649,26.828235756385066,19.04398751463129,0.0486541318078803,0.9362361727612204,0.2505207046280933,0.599726746792477,0.9977754962354553,0.2173216916081378,2.56,0.2943,0.7306,1.0,0.9109,0.4325,0.7244,0.6853,5,0,33,38,0.9,historical_fmp_news_published_before_rebalance,15,14.9,0.25,historical_fmp_news_published_before_rebalance,38,2025-12-03,2026-01-02,Cisco's AI-Push Aids Networking Revenue: Is There More Upside Ahead? | Fortinet vs. Cisco: Which Cybersecurity Leader Has the Edge Now? | Why Is Cisco (CSCO) Up 2.4% Since Last Earnings Report?,finrobot_outputs/CSCO/analysis,0.6,0.6,1.0,0.6,0.2,0.62,0.6592,0.77,0.6941,keep,1.0,"quality=0.66, valuation=0.77, catalyst=0.90, risk=0.25"
2026-01-02,AMD,2024A,2025-02-05,0.13699999999999998,0.204,0.494,123.58793418647164,38.27173830353747,0.0118585182621181,0.7908582703058205,0.1179367849524917,0.0384241245136186,2.61626150254086,0.0285054196775986,1.01,0.5343,0.4923,1.0,0.6723,0.9904,0.095,0.6434,25,6,132,163,0.8515,historical_fmp_news_published_before_rebalance,31,33.2,0.6031,historical_fmp_news_published_before_rebalance,163,2025-12-03,2026-01-02,Advanced Micro Devices Is the Most Compelling AI Trade for 2026 | AMD: Let's Talk About This Pick In '26 | AMD: Ultimate Gift For 2026 (Rating Upgrade),finrobot_outputs/AMD/analysis,0.8,0.4,0.4,0.2,1.0,0.56,0.61,0.4,0.6051,keep,1.0,"quality=0.61, valuation=0.40, catalyst=0.85, risk=0.60"
2026-01-02,TSLA,2024A,2025-01-29,0.009000000000000001,0.151,0.179,181.07664516129032,87.60949687245036,0.002773654431378,0.239965154459559,0.1527587265840925,0.1868391096237982,2.024912390270983,0.0977877744709448,2.2302,0.1686,0.1515,1.0,0.5332,0.9533,0.326,0.4708,11,9,335,355,0.6818,historical_fmp_news_published_before_rebalance,69,77.6,0.5745,historical_fmp_news_published_before_rebalance,355,2025-12-03,2026-01-02,Elon Musk gave nearly $100 million worth of Tesla shares to charity for 'tax planning' | Tesla publishes analyst forecasts suggesting sales set to fall | Is Tesla Warning Investors About What's to Come?,finrobot_outputs/TSLA/analysis,0.2,0.2,0.2,0.4,0.6000000000000001,0.29000000000000004,0.3985,0.2,0.4231,reject,0.0,"quality=0.40, valuation=0.20, catalyst=0.68, risk=0.57"
2026-01-09,GOOGL,2024A,2025-02-04,0.139,0.387,0.5820000000000001,23.292381989252682,17.238442619318434,0.0312025793286042,0.5807229107973727,0.3579787325223274,0.0783212954190301,1.8369313974102912,0.3079757847202569,8.13,0.54,0.8451,1.0,1.0,0.9125,1.0,0.8529,33,3,302,338,0.9263,historical_fmp_news_published_before_rebalance,41,44.4,0.7929,historical_fmp_news_published_before_rebalance,338,2025-12-10,2026-01-09,"Alphabet vs. Meta Platforms: Is One the Better Long-Term Play? | Google Claims Apple's Spot on Most-Valuable-Companies List | Exclusive: Big Tech spared strict rules in EU digital rule overhaul, sources say",finrobot_outputs/GOOGL/analysis,1.0,0.8,1.0,0.8,1.0,0.92,0.8797,1.0,0.9104,strong_keep,1.2,"quality=0.88, valuation=1.00, catalyst=0.93, risk=0.79"
2026-01-09,AMAT,2025A,2025-12-12,0.044000000000000004,0.34,0.48700000000000004,26.57749642755073,19.25371191709845,0.0306361677111352,0.7160090474993717,0.2805273547659334,0.3453343130051433,2.6104513064133017,0.3427871662992897,8.71,0.2686,0.6901,1.0,0.9649,0.9137,1.0,0.7498,8,1,41,50,0.8727,historical_fmp_news_published_before_rebalance,22,21.5,0.25,historical_fmp_news_published_before_rebalance,50,2025-12-10,2026-01-09,Analyzing Applied Materials (NASDAQ:AMAT) & Valens Semiconductor (NYSE:VLN) | Financial Contrast: Coda Octopus Group (NASDAQ:CODA) & Applied Materials (NASDAQ:AMAT) | NVDA vs. AMAT: Which Semiconductor Stock Is the Better Buy Now?,finrobot_outputs/AMAT/analysis,0.6,0.6,0.8,1.0,0.6000000000000001,0.7,0.7299,0.73,0.7105,keep,1.0,"quality=0.73, valuation=0.73, catalyst=0.87, risk=0.25"
2026-01-09,AMZN,2024A,2025-02-06,0.11,0.19399999999999998,0.489,38.78057436537942,18.97825360416751,0.0143092693752253,0.2837318881227508,0.1816370644508503,0.4577403224114417,1.063734806137178,0.2071825715984194,5.66,0.4571,0.4729,1.0,0.6655,0.4955,0.6906,0.6186,37,11,279,327,0.832,historical_fmp_news_published_before_rebalance,69,73.3,0.5479,historical_fmp_news_published_before_rebalance,327,2025-12-10,2026-01-09,"Exclusive: Big Tech spared strict rules in EU digital rule overhaul, sources say | Infosys Turns To AWS To Make GenAI Stick | Amazon vs. Nike: Which 1 Will Dominate the Next Decade?",finrobot_outputs/AMZN/analysis,0.8,0.4,0.6,0.4,0.39999999999999997,0.54,0.5872,0.59,0.6329,keep,1.0,"quality=0.59, valuation=0.59, catalyst=0.83, risk=0.55"
2026-01-09,TXN,2024A,2025-02-14,-0.107,0.48200000000000004,0.581,35.63432381746197,24.24733059275958,0.0087597667305696,0.2371003482114593,0.4039383671120772,0.8897828787789149,4.124622563821027,0.2839140980890966,5.24,0.0,0.9387,1.0,0.793,0.7776,0.9464,0.7015,0,1,31,32,0.5333,historical_fmp_news_published_before_rebalance,14,14.3,0.25,historical_fmp_news_published_before_rebalance,32,2025-12-10,2026-01-09,"Texas Instruments to webcast Q4 2025 and 2025 earnings conference call | Texas Instruments Ahead Of Earnings: I See Stability, Not Urgency | Intel, AMD And Texas Instruments Sued Over Chips Allegedly Ending Up In Russian Weapons",finrobot_outputs/TXN/analysis,0.2,1.0,0.4,0.6,0.2,0.5,0.6209,0.48,0.5311,reduce,0.7,"quality=0.62, valuation=0.48, catalyst=0.53, risk=0.25"
2026-01-09,TSLA,2024A,2025-01-29,0.009000000000000001,0.151,0.179,181.07664516129032,87.60949687245036,0.002773654431378,0.239965154459559,0.1527587265840925,0.1868391096237982,2.024912390270983,0.0977877744709448,2.2302,0.1686,0.1515,1.0,0.5332,0.9533,0.326,0.4708,15,16,364,395,0.6394,historical_fmp_news_published_before_rebalance,88,91.9,0.5218,historical_fmp_news_published_before_rebalance,395,2025-12-10,2026-01-09,"Tesla's Story Has Faded, Gordon Johnson Says—Here's The 'Generous' Valuation Musk Probably Won't Retweet | Tesla stock: what's driving the spike in January options volume? | Should You Forget Tesla and Buy 3 Artificial Intelligence (AI) Stocks Instead?",finrobot_outputs/TSLA/analysis,0.4,0.2,0.2,0.2,0.8,0.34,0.4185,0.2,0.4184,reject,0.0,"quality=0.42, valuation=0.20, catalyst=0.64, risk=0.52"
2026-01-16,GOOGL,2024A,2025-02-04,0.139,0.387,0.5820000000000001,23.292381989252682,17.238442619318434,0.0312025793286042,0.5807229107973727,0.3579787325223274,0.0783212954190301,1.8369313974102912,0.3079757847202569,8.13,0.54,0.8451,1.0,1.0,0.9125,1.0,0.8529,36,4,299,339,0.9167,historical_fmp_news_published_before_rebalance,43,48.9,0.7662,historical_fmp_news_published_before_rebalance,339,2025-12-17,2026-01-16,Publishers seek to join lawsuit against Google over AI training | Siri to Get Smarter With Gemini: The ETF Playbook for Investors | 2 Leading Tech Stocks to Buy in 2026,finrobot_outputs/GOOGL/analysis,1.0,1.0,1.0,0.8,0.8,0.94,0.8877,1.0,0.9094,strong_keep,1.2,"quality=0.89, valuation=1.00, catalyst=0.92, risk=0.77"
2026-01-16,AMAT,2025A,2025-12-12,0.044000000000000004,0.34,0.48700000000000004,26.57749642755073,19.25371191709845,0.0306361677111352,0.7160090474993717,0.2805273547659334,0.3453343130051433,2.6104513064133017,0.3427871662992897,8.71,0.2686,0.6901,1.0,0.9649,0.9137,1.0,0.7498,7,1,36,44,0.86,historical_fmp_news_published_before_rebalance,19,19.0,0.25,historical_fmp_news_published_before_rebalance,44,2025-12-17,2026-01-16,Applied Materials FY25 HBM Revenues Hit $1.5B: A New Growth Driver? | Analyzing Applied Materials (NASDAQ:AMAT) & Valens Semiconductor (NYSE:VLN) | Financial Contrast: Coda Octopus Group (NASDAQ:CODA) & Applied Materials (NASDAQ:AMAT),finrobot_outputs/AMAT/analysis,0.4,0.8,0.8,1.0,0.2,0.6400000000000001,0.7059,0.8,0.7147,keep,1.0,"quality=0.71, valuation=0.80, catalyst=0.86, risk=0.25"
2026-01-16,AMD,2024A,2025-02-05,0.13699999999999998,0.204,0.494,123.58793418647164,38.27173830353747,0.0118585182621181,0.7908582703058205,0.1179367849524917,0.0384241245136186,2.61626150254086,0.0285054196775986,1.01,0.5343,0.4923,1.0,0.6723,0.9904,0.095,0.6434,31,5,203,239,0.8895,historical_fmp_news_published_before_rebalance,38,38.2,0.7071,historical_fmp_news_published_before_rebalance,239,2025-12-17,2026-01-16,White House Signals Trump's 25% 'National Security Levy' On Chips Is Just A 'Phase One' Measure | 5 AI Chip Stocks Most Exposed to Trump's New 25% Tariff | Why Advanced Micro Devices Stock Popped Today,finrobot_outputs/AMD/analysis,0.8,0.6,0.4,0.2,1.0,0.61,0.63,0.4,0.6321,keep,1.0,"quality=0.63, valuation=0.40, catalyst=0.89, risk=0.71"
2026-01-16,COST,2025A,2025-10-07,0.08199999999999999,0.049,0.128,51.712548487467586,30.81295194805195,0.0187120990069827,0.5877015373078365,0.0484495067851109,0.2802427650528048,1.0342783227336425,0.2777053902071046,18.24,0.3771,0.0,1.0,0.55,0.5276,0.9257,0.4888,11,2,97,110,0.86,historical_fmp_news_published_before_rebalance,30,31.1,0.388,historical_fmp_news_published_before_rebalance,110,2025-12-17,2026-01-16,Read This Before Buying Costco Stock for the Long Term​ | MoneyShow's Best Investment Ideas For 2026: Part 3 | Costco: The Retail Media Transformation Everyone Is Missing,finrobot_outputs/COST/analysis,0.6,0.2,0.6,0.6,0.39999999999999997,0.47000000000000003,0.4813,0.6,0.5774,reduce,0.7,"quality=0.48, valuation=0.60, catalyst=0.86, risk=0.39"
2026-01-16,TSLA,2024A,2025-01-29,0.009000000000000001,0.151,0.179,181.07664516129032,87.60949687245036,0.002773654431378,0.239965154459559,0.1527587265840925,0.1868391096237982,2.024912390270983,0.0977877744709448,2.2302,0.1686,0.1515,1.0,0.5332,0.9533,0.326,0.4708,13,21,355,389,0.5722,historical_fmp_news_published_before_rebalance,97,103.8,0.4383,historical_fmp_news_published_before_rebalance,389,2025-12-17,2026-01-16,"BLBD or TSLA: Which Is the Better Value Stock Right Now? | TSLA, PLTR and SCMI Forecast – Major Tech Somewhat Sideways | Tesla to End One-Time FSD Purchase: Why the Shift Matters",finrobot_outputs/TSLA/analysis,0.2,0.4,0.2,0.4,0.6000000000000001,0.34,0.4185,0.2,0.3966,reject,0.0,"quality=0.42, valuation=0.20, catalyst=0.57, risk=0.44"
2026-01-23,GOOGL,2024A,2025-02-04,0.139,0.387,0.5820000000000001,23.292381989252682,17.238442619318434,0.0312025793286042,0.5807229107973727,0.3579787325223274,0.0783212954190301,1.8369313974102912,0.3079757847202569,8.13,0.54,0.8451,1.0,1.0,0.9125,1.0,0.8529,36,5,296,337,0.9023,historical_fmp_news_published_before_rebalance,51,57.4,0.6981,historical_fmp_news_published_before_rebalance,337,2025-12-24,2026-01-23,Judge Orders Google to Face Consumer Antitrust Lawsuit Over Search | MAI Capital Management's Chris Grisanti explains why he is ‘happy to hold' Alphabet | Alphabet: Q4 Earnings Surprises May Not Be Just About AI,finrobot_outputs/GOOGL/analysis,1.0,1.0,1.0,0.8,0.8,0.94,0.8877,1.0,0.8997,strong_keep,1.2,"quality=0.89, valuation=1.00, catalyst=0.90, risk=0.70"
2026-01-23,AMAT,2025A,2025-12-12,0.044000000000000004,0.34,0.48700000000000004,26.57749642755073,19.25371191709845,0.0306361677111352,0.7160090474993717,0.2805273547659334,0.3453343130051433,2.6104513064133017,0.3427871662992897,8.71,0.2686,0.6901,1.0,0.9649,0.9137,1.0,0.7498,4,1,38,43,0.8,historical_fmp_news_published_before_rebalance,16,16.1,0.25,historical_fmp_news_published_before_rebalance,43,2025-12-24,2026-01-23,"Can AMAT Lead the Display Market With Advanced OLED and AR/VR Push? | Applied Materials to Report Fiscal First Quarter 2026 Results on Feb. 12, 2026 | Applied Materials FY25 HBM Revenues Hit $1.5B: A New Growth Driver?",finrobot_outputs/AMAT/analysis,0.4,0.8,0.8,1.0,0.2,0.6400000000000001,0.7059,0.8,0.7027,keep,1.0,"quality=0.71, valuation=0.80, catalyst=0.80, risk=0.25"
2026-01-23,AMD,2024A,2025-02-05,0.13699999999999998,0.204,0.494,123.58793418647164,38.27173830353747,0.0118585182621181,0.7908582703058205,0.1179367849524917,0.0384241245136186,2.61626150254086,0.0285054196775986,1.01,0.5343,0.4923,1.0,0.6723,0.9904,0.095,0.6434,40,5,204,249,0.9106,historical_fmp_news_published_before_rebalance,42,42.3,0.6806,historical_fmp_news_published_before_rebalance,249,2025-12-24,2026-01-23,4 Top Artificial Intelligence Stocks to Buy Right Now | AMD Rides on Expanding Enterprise Partner Base: More Upside to Come? | AMD's stock is on a hot streak not seen in six years,finrobot_outputs/AMD/analysis,0.8,0.6,0.4,0.2,1.0,0.61,0.63,0.4,0.6337,keep,1.0,"quality=0.63, valuation=0.40, catalyst=0.91, risk=0.68"
2026-01-23,COST,2025A,2025-10-07,0.08199999999999999,0.049,0.128,51.712548487467586,30.81295194805195,0.0187120990069827,0.5877015373078365,0.0484495067851109,0.2802427650528048,1.0342783227336425,0.2777053902071046,18.24,0.3771,0.0,1.0,0.55,0.5276,0.9257,0.4888,14,2,93,109,0.8833,historical_fmp_news_published_before_rebalance,30,31.1,0.3811,historical_fmp_news_published_before_rebalance,109,2025-12-24,2026-01-23,"Costco: Strong Start To 2026 Likely Short-Lived | Costco Stock Rallies on December Sales: Buy, Hold or Take Profits? | Costco Switches Food Court Back to Coke After Decade With Pepsi",finrobot_outputs/COST/analysis,0.6,0.2,0.6,0.6,0.39999999999999997,0.47000000000000003,0.4813,0.6,0.5814,reduce,0.7,"quality=0.48, valuation=0.60, catalyst=0.88, risk=0.38"
2026-01-23,TSLA,2024A,2025-01-29,0.009000000000000001,0.151,0.179,181.07664516129032,87.60949687245036,0.002773654431378,0.239965154459559,0.1527587265840925,0.1868391096237982,2.024912390270983,0.0977877744709448,2.2302,0.1686,0.1515,1.0,0.5332,0.9533,0.326,0.4708,13,18,349,380,0.597,historical_fmp_news_published_before_rebalance,91,97.1,0.4671,historical_fmp_news_published_before_rebalance,380,2025-12-24,2026-01-23,"Tesla: Clear Skies In 2026, But A Storm Could Cut Valuation In 2027 | Tesla Needs 20M FSD Subscribers Annually To Justify Its Valuation | Tesla Gears Up to Report Q4 Earnings: Here's What to Expect",finrobot_outputs/TSLA/analysis,0.2,0.4,0.2,0.4,0.6000000000000001,0.34,0.4185,0.2,0.4044,reject,0.0,"quality=0.42, valuation=0.20, catalyst=0.60, risk=0.47"
2026-01-30,GOOGL,2024A,2025-02-04,0.139,0.387,0.5820000000000001,23.292381989252682,17.238442619318434,0.0312025793286042,0.5807229107973727,0.3579787325223274,0.0783212954190301,1.8369313974102912,0.3079757847202569,8.13,0.54,0.8451,1.0,1.0,0.9125,1.0,0.8529,48,5,291,344,0.9236,historical_fmp_news_published_before_rebalance,63,71.9,0.6018,historical_fmp_news_published_before_rebalance,344,2025-12-31,2026-01-30,"AAPL Earnings ""Well Enough,"" Google Gemini Partnership Real ""Tectonic Shift"" | iPhone Sales, Siri & Google Gemini: AAPL Earnings Preview & Options Trade | Decoding Google Stock's Recent Volatility",finrobot_outputs/GOOGL/analysis,0.8,0.6,1.0,0.8,1.0,0.8200000000000001,0.8397,0.93,0.8553,strong_keep,1.2,"quality=0.84, valuation=0.93, catalyst=0.92, risk=0.60"
2026-01-30,META,2025A,2026-01-28,0.222,0.52,0.82,27.524676469615272,16.376314133221104,0.0277082887180248,0.3981778929188255,0.576216872505797,0.3861896585850867,2.5987666124868536,0.2782966539773433,23.98,0.7771,1.0,1.0,1.0,0.9035,0.9277,0.9355,42,8,299,349,0.8788,historical_fmp_news_published_before_rebalance,73,79.7,0.543,historical_fmp_news_published_before_rebalance,349,2025-12-31,2026-01-30,Cramer says Microsoft and Meta's earnings offer a clear lesson: Don't give up on the tech giants | Meta's AI reset drives stock higher following earnings | Buy Meta Stock After Strong Q4 Results & CapEx Hike?,finrobot_outputs/META/analysis,1.0,1.0,0.6,0.4,0.39999999999999997,0.7399999999999999,0.8573,0.74,0.8008,strong_keep,1.2,"quality=0.86, valuation=0.74, catalyst=0.88, risk=0.54"
2026-01-30,AMAT,2025A,2025-12-12,0.044000000000000004,0.34,0.48700000000000004,26.57749642755073,19.25371191709845,0.0306361677111352,0.7160090474993717,0.2805273547659334,0.3453343130051433,2.6104513064133017,0.3427871662992897,8.71,0.2686,0.6901,1.0,0.9649,0.9137,1.0,0.7498,2,3,41,46,0.6,historical_fmp_news_published_before_rebalance,16,16.0,0.2535,historical_fmp_news_published_before_rebalance,46,2025-12-31,2026-01-30,"Applied Materials: When Chip Complexity Becomes The Real Alpha | Can AMAT Lead the Display Market With Advanced OLED and AR/VR Push? | Applied Materials to Report Fiscal First Quarter 2026 Results on Feb. 12, 2026",finrobot_outputs/AMAT/analysis,0.6,0.4,0.8,1.0,0.6000000000000001,0.65,0.7099,0.73,0.6473,keep,1.0,"quality=0.71, valuation=0.73, catalyst=0.60, risk=0.25"
2026-01-30,TXN,2024A,2025-02-14,-0.107,0.48200000000000004,0.581,35.63432381746197,24.24733059275958,0.0087597667305696,0.2371003482114593,0.4039383671120772,0.8897828787789149,4.124622563821027,0.2839140980890966,5.24,0.0,0.9387,1.0,0.793,0.7776,0.9464,0.7015,10,0,53,63,0.9417,historical_fmp_news_published_before_rebalance,18,19.0,0.3437,historical_fmp_news_published_before_rebalance,63,2025-12-31,2026-01-30,Texas Instruments Q4 2025 Update | How Texas Instruments Stock Jumped 9.9% Wednesday | Texas Instruments Surges on Strong Q1 Guidance Despite EPS Miss,finrobot_outputs/TXN/analysis,0.2,0.8,0.4,0.6,0.2,0.45000000000000007,0.6009,0.4,0.5931,reduce,0.7,"quality=0.60, valuation=0.40, catalyst=0.94, risk=0.34"
2026-01-30,TSLA,2025A,2026-01-28,-0.028999999999999998,0.124,0.18,382.2738534528203,122.59520571234276,0.0042886288591626,0.4217807011595579,0.1555147795459099,0.1019759669819935,2.1644068865485275,0.0461911197146231,1.18,0.06,0.111,1.0,0.7399,0.9745,0.154,0.4628,12,7,344,363,0.7333,historical_fmp_news_published_before_rebalance,58,67.9,0.662,historical_fmp_news_published_before_rebalance,363,2025-12-31,2026-01-30,Elon Musk's Cryptic Post From Last Year Resurfaces Amid SpaceX–Tesla Merger Talks | Tesla: SpaceX Merger Rumors Aren't Enough To Keep Me Bullish (Rating Downgrade) | Tesla CEO Elon Musk doubles down on robots,finrobot_outputs/TSLA/analysis,0.4,0.2,0.2,0.2,0.8,0.34,0.4137,0.2,0.449,reject,0.0,"quality=0.41, valuation=0.20, catalyst=0.73, risk=0.66"
2026-02-06,GOOGL,2025A,2026-02-04,0.151,0.447,0.597,28.692653400923053,21.23165446038608,0.0193196333209222,0.4448100635651102,0.4087546499306388,0.1427787075722731,2.005333592875566,0.3182786895115167,10.91,0.5743,0.9484,1.0,1.0,0.9643,1.0,0.8904,57,7,304,368,0.9152,historical_fmp_news_published_before_rebalance,61,66.4,0.6665,historical_fmp_news_published_before_rebalance,368,2026-01-07,2026-02-06,"RDDT Takes Big Steps as ""Baby"" META, Faces Double-Edged Sword in GOOGL | GOOGL ""Invented AI as We Know It,"" PLTR ""Really Expensive"" | Alphabet Crushes Earnings Again, Reports 48% Cloud Revenue Growth",finrobot_outputs/GOOGL/analysis,1.0,0.8,0.6,0.8,0.8,0.81,0.8582,0.6,0.7859,keep,1.0,"quality=0.86, valuation=0.60, catalyst=0.92, risk=0.67"
2026-02-06,AMAT,2025A,2025-12-12,0.044000000000000004,0.34,0.48700000000000004,26.57749642755073,19.25371191709845,0.0306361677111352,0.7160090474993717,0.2805273547659334,0.3453343130051433,2.6104513064133017,0.3427871662992897,8.71,0.2686,0.6901,1.0,0.9649,0.9137,1.0,0.7498,7,2,54,63,0.8091,historical_fmp_news_published_before_rebalance,22,22.2,0.25,historical_fmp_news_published_before_rebalance,63,2026-01-07,2026-02-06,Applied Materials (AMAT) Expected to Beat Earnings Estimates: Can the Stock Move Higher? | Will Applied Materials (AMAT) Beat Estimates Again in Its Next Earnings Report? | Applied Materials: Attractive Buy Ahead Of The Q1 2026 Report,finrobot_outputs/AMAT/analysis,0.6,0.6,0.8,1.0,0.6000000000000001,0.7,0.7299,0.88,0.7353,keep,1.0,"quality=0.73, valuation=0.88, catalyst=0.81, risk=0.25"
2026-02-06,CSCO,2025A,2025-09-03,0.053,0.271,0.649,26.828235756385066,19.04398751463129,0.0486541318078803,0.9362361727612204,0.2505207046280933,0.599726746792477,0.9977754962354553,0.2173216916081378,2.56,0.2943,0.7306,1.0,0.9109,0.4325,0.7244,0.6853,8,2,56,66,0.825,historical_fmp_news_published_before_rebalance,25,25.8,0.25,historical_fmp_news_published_before_rebalance,66,2026-01-07,2026-02-06,"Cisco Systems, Inc. (CSCO) Presents at Second Annual AI Summit Prepared Remarks Transcript | CRWD vs. CSCO: Which Cybersecurity Stock Has an Edge Right Now? | DELL vs. CSCO: Which AI Infrastructure Stock Is the Better Buy Now?",finrobot_outputs/CSCO/analysis,0.8,0.4,1.0,0.4,0.39999999999999997,0.62,0.6592,0.92,0.7166,keep,1.0,"quality=0.66, valuation=0.92, catalyst=0.82, risk=0.25"
2026-02-06,TXN,2024A,2025-02-14,-0.107,0.48200000000000004,0.581,35.63432381746197,24.24733059275958,0.0087597667305696,0.2371003482114593,0.4039383671120772,0.8897828787789149,4.124622563821027,0.2839140980890966,5.24,0.0,0.9387,1.0,0.793,0.7776,0.9464,0.7015,10,1,57,68,0.8923,historical_fmp_news_published_before_rebalance,15,16.3,0.5126,historical_fmp_news_published_before_rebalance,68,2026-01-07,2026-02-06,Texas Instruments to acquire Silicon Labs in $7.5B all-cash deal | Texas Instruments to acquire Silicon Labs in $7.5B all-cash deal | Texas Instruments to Acquire Silicon Labs in Deal Valued at $7.5 Billion,finrobot_outputs/TXN/analysis,0.2,1.0,0.4,0.6,0.2,0.5,0.6209,0.4,0.6091,keep,1.0,"quality=0.62, valuation=0.40, catalyst=0.89, risk=0.51"
2026-02-06,TSLA,2025A,2026-01-28,-0.028999999999999998,0.124,0.18,382.2738534528203,122.59520571234276,0.0042886288591626,0.4217807011595579,0.1555147795459099,0.1019759669819935,2.1644068865485275,0.0461911197146231,1.18,0.06,0.111,1.0,0.7399,0.9745,0.154,0.4628,15,7,369,391,0.7667,historical_fmp_news_published_before_rebalance,68,75.4,0.6378,historical_fmp_news_published_before_rebalance,391,2026-01-07,2026-02-06,"Tesla Shareholders Are The Only Ones Not Invited To Musk's New $1.25T Empire | Backed by OpenAI, Tesla, and SpaceX Investors, Midas Is Building Mathematical Infrastructure to Secure AI Systems | Will Tesla and SpaceX Merge? How to Bet on Another Musk Megamerger.",finrobot_outputs/TSLA/analysis,0.4,0.2,0.2,0.2,1.0,0.37,0.4257,0.2,0.4587,reduce,0.7,"quality=0.43, valuation=0.20, catalyst=0.77, risk=0.64"
2026-02-13,META,2025A,2026-01-28,0.222,0.52,0.82,27.524676469615272,16.376314133221104,0.0277082887180248,0.3981778929188255,0.576216872505797,0.3861896585850867,2.5987666124868536,0.2782966539773433,23.98,0.7771,1.0,1.0,1.0,0.9035,0.9277,0.9355,60,7,286,353,0.9188,historical_fmp_news_published_before_rebalance,76,83.6,0.5228,historical_fmp_news_published_before_rebalance,353,2026-01-14,2026-02-13,"Uh-Oh! Is Meta Platforms Following in Enron's Footsteps? | Daniel Newman on Futurum's ""AI 15,"" PLTR Upside Potential & ""Best Idea"" in META | Meta begins construction of $10 billion Indiana data center to boost AI capabilities",finrobot_outputs/META/analysis,1.0,1.0,0.8,0.6,0.39999999999999997,0.8099999999999999,0.8853,0.87,0.8519,strong_keep,1.2,"quality=0.89, valuation=0.87, catalyst=0.92, risk=0.52"
2026-02-13,AMAT,2025A,2025-12-12,0.044000000000000004,0.34,0.48700000000000004,26.57749642755073,19.25371191709845,0.0306361677111352,0.7160090474993717,0.2805273547659334,0.3453343130051433,2.6104513064133017,0.3427871662992897,8.71,0.2686,0.6901,1.0,0.9649,0.9137,1.0,0.7498,11,3,75,89,0.825,historical_fmp_news_published_before_rebalance,30,31.2,0.25,historical_fmp_news_published_before_rebalance,89,2026-01-14,2026-02-13,"Applied Materials' stock jumps after earnings. The CEO just made a bold prediction for the chip sector. | Applied Materials, Inc. (AMAT) Q1 2026 Earnings Call Transcript | Applied Materials (AMAT) Q1 Earnings: Taking a Look at Key Metrics Versus Estimates",finrobot_outputs/AMAT/analysis,0.4,0.6,1.0,1.0,0.6000000000000001,0.69,0.7259,0.93,0.7492,keep,1.0,"quality=0.73, valuation=0.93, catalyst=0.82, risk=0.25"
2026-02-13,TXN,2025A,2026-02-06,0.13,0.467,0.57,31.53417516496701,20.585119970916143,0.0165057718521866,0.3639032573745281,0.4045356860083701,0.9457997910649544,4.352643241532131,0.3073188717507528,5.45,0.5143,0.9289,1.0,1.0,0.7636,1.0,0.8524,12,1,69,82,0.9067,historical_fmp_news_published_before_rebalance,20,21.3,0.4555,historical_fmp_news_published_before_rebalance,82,2026-01-14,2026-02-13,My Top 8 Tech Picks For Income Amid The AI Correction | Texas Instruments Executes a $7.5B Deal and an AI Strategy Pivot | Texas Instruments to acquire Silicon Labs in $7.5B all-cash deal,finrobot_outputs/TXN/analysis,0.8,0.8,0.4,0.8,0.2,0.6300000000000001,0.7634,0.55,0.7079,keep,1.0,"quality=0.76, valuation=0.55, catalyst=0.91, risk=0.46"
2026-02-13,COST,2025A,2025-10-07,0.08199999999999999,0.049,0.128,51.712548487467586,30.81295194805195,0.0187120990069827,0.5877015373078365,0.0484495067851109,0.2802427650528048,1.0342783227336425,0.2777053902071046,18.24,0.3771,0.0,1.0,0.55,0.5276,0.9257,0.4888,8,7,112,127,0.6706,historical_fmp_news_published_before_rebalance,43,43.6,0.2609,historical_fmp_news_published_before_rebalance,127,2026-01-14,2026-02-13,"Consumer Staples ETFs: Sector-Wide Defense or a Food-and-Beverage Tilt? VDC vs. PBJ | XLP Provides Broad Staples Exposure, While PBJ Focuses on a Specific Sub-Sector. Which ETF is Right for Average Investors? | Should You Buy Costco Stock Before March 5?",finrobot_outputs/COST/analysis,0.6,0.2,0.6,0.4,0.8,0.5,0.4933,0.45,0.4947,reduce,0.7,"quality=0.49, valuation=0.45, catalyst=0.67, risk=0.26"
2026-02-13,TSLA,2025A,2026-01-28,-0.028999999999999998,0.124,0.18,382.2738534528203,122.59520571234276,0.0042886288591626,0.4217807011595579,0.1555147795459099,0.1019759669819935,2.1644068865485275,0.0461911197146231,1.18,0.06,0.111,1.0,0.7399,0.9745,0.154,0.4628,13,7,378,398,0.7455,historical_fmp_news_published_before_rebalance,71,77.5,0.63,historical_fmp_news_published_before_rebalance,398,2026-01-14,2026-02-13,"Maye Musk Says She's A 'Proud Mom' As Elon Musk Tops List Of 'America's Greatest Innovators,' Beats Jeff Bezos And Jensen Huang | TSLA, PLTR and SCMI Forecast – Tech Stocks Look Pressured Early on Wednesday | I Predicted Tesla Would Be Unprofitable. I Was Dead Wrong.",finrobot_outputs/TSLA/analysis,0.2,0.4,0.2,0.2,1.0,0.37,0.4257,0.2,0.4537,reduce,0.7,"quality=0.43, valuation=0.20, catalyst=0.75, risk=0.63"
2026-02-20,META,2025A,2026-01-28,0.222,0.52,0.82,27.524676469615272,16.376314133221104,0.0277082887180248,0.3981778929188255,0.576216872505797,0.3861896585850867,2.5987666124868536,0.2782966539773433,23.98,0.7771,1.0,1.0,1.0,0.9035,0.9277,0.9355,47,10,288,345,0.8695,historical_fmp_news_published_before_rebalance,73,78.9,0.5399,historical_fmp_news_published_before_rebalance,345,2026-01-21,2026-02-20,"Yann LeCun Says LLMs Are 'Incredibly' Useful, But AI Still Can't Learn To Drive A Car Like A 17-Year Old: 'We're Missing Something Big' | Meta Slashes Employee Equity For Second Year As Mark Zuckerberg-Led Tech Giant Gears Up To Fund Mega $135 Billion 'Superintelligence' Infrastructure | First Look: Walmart beat, Meta trial, FDA eyes Moderna",finrobot_outputs/META/analysis,1.0,1.0,0.8,0.4,0.39999999999999997,0.7799999999999999,0.8733,0.87,0.8384,strong_keep,1.2,"quality=0.87, valuation=0.87, catalyst=0.87, risk=0.54"
2026-02-20,GOOGL,2025A,2026-02-04,0.151,0.447,0.597,28.692653400923053,21.23165446038608,0.0193196333209222,0.4448100635651102,0.4087546499306388,0.1427787075722731,2.005333592875566,0.3182786895115167,10.91,0.5743,0.9484,1.0,1.0,0.9643,1.0,0.8904,56,6,307,369,0.9234,historical_fmp_news_published_before_rebalance,61,61.8,0.688,historical_fmp_news_published_before_rebalance,369,2026-01-21,2026-02-20,"Zillow and Google bring home-buying guidance to NotebookLM | Alphabet Teams Up With Sea on AI for Shopee, Garena | Amazon vs. Alphabet: Which Is the Better AI Stock to Buy Now?",finrobot_outputs/GOOGL/analysis,0.8,0.6,0.6,0.8,0.8,0.71,0.8182,0.53,0.7542,keep,1.0,"quality=0.82, valuation=0.53, catalyst=0.92, risk=0.69"
2026-02-20,AMAT,2025A,2025-12-12,0.044000000000000004,0.34,0.48700000000000004,26.57749642755073,19.25371191709845,0.0306361677111352,0.7160090474993717,0.2805273547659334,0.3453343130051433,2.6104513064133017,0.3427871662992897,8.71,0.2686,0.6901,1.0,0.9649,0.9137,1.0,0.7498,15,3,90,108,0.86,historical_fmp_news_published_before_rebalance,39,40.4,0.25,historical_fmp_news_published_before_rebalance,108,2026-01-21,2026-02-20,Earnings Estimates Moving Higher for Applied Materials (AMAT): Time to Buy? | Applied Materials (AMAT) Upgraded to Strong Buy: Here's Why | Is Applied Materials The New Sector King?,finrobot_outputs/AMAT/analysis,0.4,0.4,1.0,1.0,0.6000000000000001,0.64,0.7059,0.93,0.7472,keep,1.0,"quality=0.71, valuation=0.93, catalyst=0.86, risk=0.25"
2026-02-20,TXN,2025A,2026-02-06,0.13,0.467,0.57,31.53417516496701,20.585119970916143,0.0165057718521866,0.3639032573745281,0.4045356860083701,0.9457997910649544,4.352643241532131,0.3073188717507528,5.45,0.5143,0.9289,1.0,1.0,0.7636,1.0,0.8524,12,3,69,84,0.8353,historical_fmp_news_published_before_rebalance,22,23.3,0.408,historical_fmp_news_published_before_rebalance,84,2026-01-21,2026-02-20,My Top 8 Tech Picks For Income Amid The AI Correction | Texas Instruments Executes a $7.5B Deal and an AI Strategy Pivot | Texas Instruments to acquire Silicon Labs in $7.5B all-cash deal,finrobot_outputs/TXN/analysis,0.6,0.8,0.4,0.6,0.2,0.55,0.7314,0.47,0.6545,keep,1.0,"quality=0.73, valuation=0.47, catalyst=0.84, risk=0.41"
2026-02-20,TSLA,2025A,2026-01-28,-0.028999999999999998,0.124,0.18,382.2738534528203,122.59520571234276,0.0042886288591626,0.4217807011595579,0.1555147795459099,0.1019759669819935,2.1644068865485275,0.0461911197146231,1.18,0.06,0.111,1.0,0.7399,0.9745,0.154,0.4628,12,7,376,395,0.7333,historical_fmp_news_published_before_rebalance,72,78.4,0.6198,historical_fmp_news_published_before_rebalance,395,2026-01-21,2026-02-20,"TSLA, PLTR and SMCI Forecasts – Tech Stocks Mixed Early on Thursday as Traders Uncertain | Tesla's Renaissance Has Come (Rating Upgrade) | The Energy Revolution System Explained: Tesla Patent Context, Consumer Disclosures, and What to Know Before Buying in 2026",finrobot_outputs/TSLA/analysis,0.2,0.2,0.2,0.2,1.0,0.32,0.4057,0.2,0.4412,reject,0.0,"quality=0.41, valuation=0.20, catalyst=0.73, risk=0.62"
2026-02-27,META,2025A,2026-01-28,0.222,0.52,0.82,27.524676469615272,16.376314133221104,0.0277082887180248,0.3981778929188255,0.576216872505797,0.3861896585850867,2.5987666124868536,0.2782966539773433,23.98,0.7771,1.0,1.0,1.0,0.9035,0.9277,0.9355,33,11,305,349,0.8174,historical_fmp_news_published_before_rebalance,70,74.9,0.5744,historical_fmp_news_published_before_rebalance,349,2026-01-28,2026-02-27,"Google Scores Major Win As Meta Reportedly Agrees To Multi-Year AI Chip Rental Deal, Challenging Nvidia's Dominance | Google signs multibillion-dollar AI chip deal with Meta, Information reports | Woman Suing Meta, YouTube Testifies It's ‘Too Hard to Be Without' Social Media",finrobot_outputs/META/analysis,1.0,1.0,0.8,0.6,0.39999999999999997,0.8099999999999999,0.8853,0.87,0.8368,strong_keep,1.2,"quality=0.89, valuation=0.87, catalyst=0.82, risk=0.57"
2026-02-27,AMAT,2025A,2025-12-12,0.044000000000000004,0.34,0.48700000000000004,26.57749642755073,19.25371191709845,0.0306361677111352,0.7160090474993717,0.2805273547659334,0.3453343130051433,2.6104513064133017,0.3427871662992897,8.71,0.2686,0.6901,1.0,0.9649,0.9137,1.0,0.7498,17,3,93,113,0.8727,historical_fmp_news_published_before_rebalance,40,41.4,0.25,historical_fmp_news_published_before_rebalance,113,2026-01-28,2026-02-27,AI Spending Is Poised to Hit $700 Billion in 2026. 2 Top Stocks to Buy to Capitalize on This Massive Number. | Earnings Estimates Moving Higher for Applied Materials (AMAT): Time to Buy? | Applied Materials (AMAT) Upgraded to Strong Buy: Here's Why,finrobot_outputs/AMAT/analysis,0.4,0.6,1.0,1.0,0.6000000000000001,0.69,0.7259,0.93,0.7587,keep,1.0,"quality=0.73, valuation=0.93, catalyst=0.87, risk=0.25"
2026-02-27,TXN,2025A,2026-02-06,0.13,0.467,0.57,31.53417516496701,20.585119970916143,0.0165057718521866,0.3639032573745281,0.4045356860083701,0.9457997910649544,4.352643241532131,0.3073188717507528,5.45,0.5143,0.9289,1.0,1.0,0.7636,1.0,0.8524,11,3,60,74,0.825,historical_fmp_news_published_before_rebalance,21,22.3,0.3461,historical_fmp_news_published_before_rebalance,74,2026-01-28,2026-02-27,Why Is Texas Instruments (TXN) Down 1.1% Since Last Earnings Report? | My Top 8 Tech Picks For Income Amid The AI Correction | Texas Instruments Executes a $7.5B Deal and an AI Strategy Pivot,finrobot_outputs/TXN/analysis,0.8,0.8,0.4,0.8,0.2,0.6300000000000001,0.7634,0.55,0.6806,keep,1.0,"quality=0.76, valuation=0.55, catalyst=0.82, risk=0.35"
2026-02-27,COST,2025A,2025-10-07,0.08199999999999999,0.049,0.128,51.712548487467586,30.81295194805195,0.0187120990069827,0.5877015373078365,0.0484495067851109,0.2802427650528048,1.0342783227336425,0.2777053902071046,18.24,0.3771,0.0,1.0,0.55,0.5276,0.9257,0.4888,7,7,102,116,0.65,historical_fmp_news_published_before_rebalance,43,43.3,0.25,historical_fmp_news_published_before_rebalance,116,2026-01-28,2026-02-27,Costco's 2x P/E Over Amazon Is Not Irrational (Rating Upgrade) | Where Will Costco Be in 5 Years? | Consumer Staples ETFs: Sector-Wide Defense or a Food-and-Beverage Tilt? VDC vs. PBJ,finrobot_outputs/COST/analysis,0.6,0.2,0.6,0.4,0.8,0.5,0.4933,0.45,0.4895,reduce,0.7,"quality=0.49, valuation=0.45, catalyst=0.65, risk=0.25"
2026-02-27,TSLA,2025A,2026-01-28,-0.028999999999999998,0.124,0.18,382.2738534528203,122.59520571234276,0.0042886288591626,0.4217807011595579,0.1555147795459099,0.1019759669819935,2.1644068865485275,0.0461911197146231,1.18,0.06,0.111,1.0,0.7399,0.9745,0.154,0.4628,12,8,386,406,0.7136,historical_fmp_news_published_before_rebalance,83,93.6,0.5445,historical_fmp_news_published_before_rebalance,406,2026-01-28,2026-02-27,"Every ""Magnificent Seven"" Stock Is Underperforming the S&P 500 in 2026. Here's One to Buy and One to Avoid. | German union says settlement reached in dispute with Tesla | Palantir Billionaire Peter Thiel Dumped Nvidia, Tesla, Microsoft, and Apple. What Stocks Does He Own for 2026?",finrobot_outputs/TSLA/analysis,0.2,0.4,0.2,0.2,1.0,0.37,0.4257,0.2,0.4387,reject,0.0,"quality=0.43, valuation=0.20, catalyst=0.71, risk=0.54"
2026-03-06,META,2025A,2026-01-28,0.222,0.52,0.82,27.524676469615272,16.376314133221104,0.0277082887180248,0.3981778929188255,0.576216872505797,0.3861896585850867,2.5987666124868536,0.2782966539773433,23.98,0.7771,1.0,1.0,1.0,0.9035,0.9277,0.9355,18,12,319,349,0.7156,historical_fmp_news_published_before_rebalance,69,74.6,0.5788,historical_fmp_news_published_before_rebalance,349,2026-02-04,2026-03-06,"Meta to Open Up WhatsApp to Rival AI Chatbots for a Fee Following EU Objections | Meta will allow rival AI chatbots on WhatsApp in Europe, but for a fee | AMD Shares Rise on Meta AI Deal, Chip Demand",finrobot_outputs/META/analysis,1.0,0.8,0.8,0.4,0.39999999999999997,0.7300000000000001,0.8533,0.8,0.785,keep,1.0,"quality=0.85, valuation=0.80, catalyst=0.72, risk=0.58"
2026-03-06,NFLX,2025A,2026-01-23,0.159,0.67,0.485,36.11005398771956,13.28593635675507,0.0238595086988615,0.9321902169741616,0.2246257422807976,0.5433992418249104,1.185709316059751,0.4125868742290203,2.58,0.5971,0.8533,1.0,0.8643,0.5249,1.0,0.8042,14,9,269,292,0.72,historical_fmp_news_published_before_rebalance,14,16.5,0.9894,historical_fmp_news_published_before_rebalance,292,2026-02-04,2026-03-06,"Netflix Buys Ben Affleck's AI Company Shortly After Ditching Warner Bros. Acquisition | Netflix Acquires InterPositive, Ben Affleck's AI Filmmaking Company | Netflix Gets Back In The M&A Game, Acquiring Ben Affleck-Founded AI Firm InterPositive",finrobot_outputs/NFLX/analysis,0.6,1.0,0.6,1.0,0.2,0.7000000000000001,0.7625,0.66,0.7511,keep,1.0,"quality=0.76, valuation=0.66, catalyst=0.72, risk=0.99"
2026-03-06,AMAT,2025A,2025-12-12,0.044000000000000004,0.34,0.48700000000000004,26.57749642755073,19.25371191709845,0.0306361677111352,0.7160090474993717,0.2805273547659334,0.3453343130051433,2.6104513064133017,0.3427871662992897,8.71,0.2686,0.6901,1.0,0.9649,0.9137,1.0,0.7498,16,2,87,105,0.895,historical_fmp_news_published_before_rebalance,34,35.5,0.2693,historical_fmp_news_published_before_rebalance,105,2026-02-04,2026-03-06,"AMAT Climbs 33.4% in 3 Months: Time to Buy, Sell or Hold the Stock? | NeoMagic (OTCMKTS:NMGC) vs. Applied Materials (NASDAQ:AMAT) Financial Comparison | AI Spending Is Poised to Hit $700 Billion in 2026. 2 Top Stocks to Buy to Capitalize on This Massive Number.",finrobot_outputs/AMAT/analysis,0.2,0.2,1.0,0.8,0.6000000000000001,0.51,0.6539,0.86,0.7152,keep,1.0,"quality=0.65, valuation=0.86, catalyst=0.90, risk=0.27"
2026-03-06,GOOGL,2025A,2026-02-04,0.151,0.447,0.597,28.692653400923053,21.23165446038608,0.0193196333209222,0.4448100635651102,0.4087546499306388,0.1427787075722731,2.005333592875566,0.3182786895115167,10.91,0.5743,0.9484,1.0,1.0,0.9643,1.0,0.8904,52,7,300,359,0.9082,historical_fmp_news_published_before_rebalance,52,52.5,0.744,historical_fmp_news_published_before_rebalance,359,2026-02-04,2026-03-06,"AVGO Catching Up to NVDA? GOOGL Partnership & Earnings Growth Back Bulls | Google lowering fees on Android app store following settlement with Epic Games | Google's AI chatbot allegedly told user to stage 'mass casualty attack,' wrongful death suit claims",finrobot_outputs/GOOGL/analysis,0.4,0.6,0.4,0.6,0.8,0.54,0.7502,0.48,0.7136,keep,1.0,"quality=0.75, valuation=0.48, catalyst=0.91, risk=0.74"
2026-03-06,ISRG,2025A,2026-02-03,0.205,0.36,0.66,70.77516946778711,54.95188096946944,0.0123220310752055,0.8218775779574328,0.3011018708953074,0.0169883303411131,4.874638620277141,0.1602333931777378,8.0,0.7286,0.865,1.0,1.0,0.9958,0.5341,0.8702,4,1,39,44,0.8,historical_fmp_news_published_before_rebalance,14,13.9,0.3054,historical_fmp_news_published_before_rebalance,44,2026-02-04,2026-03-06,Can Digital Subscriptions Become ISRG's New Revenue Stream in 2026? | Will ISRG's R&D Focus Following Solid Earnings Growth Drive Demand? | Can Intuitive Surgical Sustain Robust Top-line Growth in 2026?,finrobot_outputs/ISRG/analysis,0.8,0.4,0.2,0.2,1.0,0.5200000000000001,0.7301,0.2,0.5691,reduce,0.7,"quality=0.73, valuation=0.20, catalyst=0.80, risk=0.31"
2026-03-13,META,2025A,2026-01-28,0.222,0.52,0.82,27.524676469615272,16.376314133221104,0.0277082887180248,0.3981778929188255,0.576216872505797,0.3861896585850867,2.5987666124868536,0.2782966539773433,23.98,0.7771,1.0,1.0,1.0,0.9035,0.9277,0.9355,15,15,316,346,0.65,historical_fmp_news_published_before_rebalance,56,58.7,0.6881,historical_fmp_news_published_before_rebalance,346,2026-02-11,2026-03-13,"AI's Next Steps & GOOGL, META, AMZN ""Early Monetizers"" Leading Momentum | I Thought the ‘Magnificent Seven’ Trade Was Toast Until I Saw What Meta Is Doing With Its AI Chips | Meta rolls out in-house AI chips weeks after massive Nvidia, AMD deals",finrobot_outputs/META/analysis,1.0,0.8,0.8,0.6,0.6000000000000001,0.79,0.8773,0.8,0.7936,keep,1.0,"quality=0.88, valuation=0.80, catalyst=0.65, risk=0.69"
2026-03-13,NFLX,2025A,2026-01-23,0.159,0.67,0.485,36.11005398771956,13.28593635675507,0.0238595086988615,0.9321902169741616,0.2246257422807976,0.5433992418249104,1.185709316059751,0.4125868742290203,2.58,0.5971,0.8533,1.0,0.8643,0.5249,1.0,0.8042,16,8,268,292,0.7577,historical_fmp_news_published_before_rebalance,14,16.0,0.9922,historical_fmp_news_published_before_rebalance,292,2026-02-11,2026-03-13,Link: Netflix simpler story without Warner Bros. Discovery deal | Netflix Has No Rivals | Netflix's AI Drive Followed by This TV Group. It Just Struck a Deal With Google.,finrobot_outputs/NFLX/analysis,0.6,1.0,0.6,1.0,0.39999999999999997,0.73,0.7745,0.66,0.7643,keep,1.0,"quality=0.77, valuation=0.66, catalyst=0.76, risk=0.99"
2026-03-13,GOOGL,2025A,2026-02-04,0.151,0.447,0.597,28.692653400923053,21.23165446038608,0.0193196333209222,0.4448100635651102,0.4087546499306388,0.1427787075722731,2.005333592875566,0.3182786895115167,10.91,0.5743,0.9484,1.0,1.0,0.9643,1.0,0.8904,28,4,247,279,0.8971,historical_fmp_news_published_before_rebalance,39,41.1,0.7476,historical_fmp_news_published_before_rebalance,279,2026-02-11,2026-03-13,"If I Had $5,000 to Invest in Artificial Intelligence (AI), I'd Put It in This Stock | AI's Next Steps & GOOGL, META, AMZN ""Early Monetizers"" Leading Momentum | Alphabet Spins Off Fiber Control, Keeps a Seat at the Table",finrobot_outputs/GOOGL/analysis,0.4,0.6,0.4,0.8,0.8,0.5700000000000001,0.7622,0.48,0.7172,keep,1.0,"quality=0.76, valuation=0.48, catalyst=0.90, risk=0.75"
2026-03-13,CSCO,2025A,2025-09-03,0.053,0.271,0.649,26.828235756385066,19.04398751463129,0.0486541318078803,0.9362361727612204,0.2505207046280933,0.599726746792477,0.9977754962354553,0.2173216916081378,2.56,0.2943,0.7306,1.0,0.9109,0.4325,0.7244,0.6853,12,4,74,90,0.8056,historical_fmp_news_published_before_rebalance,28,27.5,0.3222,historical_fmp_news_published_before_rebalance,90,2026-02-11,2026-03-13,Cisco Q2: The Valuation Makes No Sense | Cisco: The Only Undervalued 'Full-Stack' AI Play | Cisco's Networking Revenue Growth Picks Up: More Upside Ahead?,finrobot_outputs/CSCO/analysis,0.2,0.2,1.0,0.4,0.2,0.39,0.5672,0.86,0.6636,keep,1.0,"quality=0.57, valuation=0.86, catalyst=0.81, risk=0.32"
2026-03-13,ISRG,2025A,2026-02-03,0.205,0.36,0.66,70.77516946778711,54.95188096946944,0.0123220310752055,0.8218775779574328,0.3011018708953074,0.0169883303411131,4.874638620277141,0.1602333931777378,8.0,0.7286,0.865,1.0,1.0,0.9958,0.5341,0.8702,10,0,30,40,0.9417,historical_fmp_news_published_before_rebalance,10,10.9,0.4284,historical_fmp_news_published_before_rebalance,40,2026-02-11,2026-03-13,"Intuitive Surgical Stock: Buy, Sell, or Hold? | Intuitive Surgical Poised for Growth in 2026 on da Vinci 5 Momentum | Can Digital Subscriptions Become ISRG's New Revenue Stream in 2026?",finrobot_outputs/ISRG/analysis,0.8,0.4,0.2,0.2,1.0,0.5200000000000001,0.7301,0.2,0.6097,keep,1.0,"quality=0.73, valuation=0.20, catalyst=0.94, risk=0.43"
2026-03-20,META,2025A,2026-01-28,0.222,0.52,0.82,27.524676469615272,16.376314133221104,0.0277082887180248,0.3981778929188255,0.576216872505797,0.3861896585850867,2.5987666124868536,0.2782966539773433,23.98,0.7771,1.0,1.0,1.0,0.9035,0.9277,0.9355,15,12,351,378,0.6862,historical_fmp_news_published_before_rebalance,67,68.7,0.6523,historical_fmp_news_published_before_rebalance,378,2026-02-18,2026-03-20,Meta on trial over child safety: can it really protect its next generation of users? | Meta is having trouble with rogue AI agents | China Ramps Up Scrutiny of Meta's Acquisition of Manus,finrobot_outputs/META/analysis,1.0,0.8,0.8,0.4,0.39999999999999997,0.7300000000000001,0.8533,0.8,0.7865,keep,1.0,"quality=0.85, valuation=0.80, catalyst=0.69, risk=0.65"
2026-03-20,NFLX,2025A,2026-01-23,0.159,0.67,0.485,36.11005398771956,13.28593635675507,0.0238595086988615,0.9321902169741616,0.2246257422807976,0.5433992418249104,1.185709316059751,0.4125868742290203,2.58,0.5971,0.8533,1.0,0.8643,0.5249,1.0,0.8042,16,7,249,272,0.776,historical_fmp_news_published_before_rebalance,17,19.0,0.9546,historical_fmp_news_published_before_rebalance,272,2026-02-18,2026-03-20,"Crashing 51%, 3 Reasons to Buy This Netflix Rival in March and Hold for 5 Years | AMZN, NFLX and AAPL Forecasts – Big Three Sluggish Ahead of Fed | Netflix vs. Disney: Which Streaming Giant Is the Better Buy for 2026 and Beyond?",finrobot_outputs/NFLX/analysis,0.6,1.0,0.6,1.0,0.2,0.7000000000000001,0.7625,0.66,0.7588,keep,1.0,"quality=0.76, valuation=0.66, catalyst=0.78, risk=0.95"
2026-03-20,AMAT,2025A,2025-12-12,0.044000000000000004,0.34,0.48700000000000004,26.57749642755073,19.25371191709845,0.0306361677111352,0.7160090474993717,0.2805273547659334,0.3453343130051433,2.6104513064133017,0.3427871662992897,8.71,0.2686,0.6901,1.0,0.9649,0.9137,1.0,0.7498,7,1,63,71,0.86,historical_fmp_news_published_before_rebalance,31,31.9,0.25,historical_fmp_news_published_before_rebalance,71,2026-02-18,2026-03-20,"Applied Materials Raises Quarterly Cash Dividend by 15 Percent | AMAT Climbs 33.4% in 3 Months: Time to Buy, Sell or Hold the Stock? | NeoMagic (OTCMKTS:NMGC) vs. Applied Materials (NASDAQ:AMAT) Financial Comparison",finrobot_outputs/AMAT/analysis,0.2,0.2,1.0,0.8,0.6000000000000001,0.51,0.6539,0.86,0.7063,keep,1.0,"quality=0.65, valuation=0.86, catalyst=0.86, risk=0.25"
2026-03-20,GOOGL,2025A,2026-02-04,0.151,0.447,0.597,28.692653400923053,21.23165446038608,0.0193196333209222,0.4448100635651102,0.4087546499306388,0.1427787075722731,2.005333592875566,0.3182786895115167,10.91,0.5743,0.9484,1.0,1.0,0.9643,1.0,0.8904,21,5,243,269,0.85,historical_fmp_news_published_before_rebalance,42,44.3,0.7022,historical_fmp_news_published_before_rebalance,269,2026-02-18,2026-03-20,Google expands utility deals to curb data‑center power use during peak demand | GOOGL's Wiz Buyout Expands Cloud Security Portfolio: What's Ahead? | Google Sits Pretty as A.I. Rivals Compete for Pentagon Favor,finrobot_outputs/GOOGL/analysis,0.4,0.6,0.4,0.6,0.8,0.54,0.7502,0.48,0.6978,keep,1.0,"quality=0.75, valuation=0.48, catalyst=0.85, risk=0.70"
2026-03-20,ISRG,2025A,2026-02-03,0.205,0.36,0.66,70.77516946778711,54.95188096946944,0.0123220310752055,0.8218775779574328,0.3011018708953074,0.0169883303411131,4.874638620277141,0.1602333931777378,8.0,0.7286,0.865,1.0,1.0,0.9958,0.5341,0.8702,11,0,34,45,0.9462,historical_fmp_news_published_before_rebalance,14,14.9,0.2807,historical_fmp_news_published_before_rebalance,45,2026-02-18,2026-03-20,"2 Stocks That Could Create Lasting Generational Wealth | Intuitive Surgical Stock: Buy, Sell, or Hold? | Intuitive Surgical Poised for Growth in 2026 on da Vinci 5 Momentum",finrobot_outputs/ISRG/analysis,0.8,0.4,0.2,0.2,1.0,0.5200000000000001,0.7301,0.2,0.5959,reduce,0.7,"quality=0.73, valuation=0.20, catalyst=0.95, risk=0.28"
2026-03-27,NFLX,2025A,2026-01-23,0.159,0.67,0.485,36.11005398771956,13.28593635675507,0.0238595086988615,0.9321902169741616,0.2246257422807976,0.5433992418249104,1.185709316059751,0.4125868742290203,2.58,0.5971,0.8533,1.0,0.8643,0.5249,1.0,0.8042,19,6,247,272,0.8185,historical_fmp_news_published_before_rebalance,37,38.6,0.7603,historical_fmp_news_published_before_rebalance,272,2026-02-25,2026-03-27,"Netflix is raising prices again, and stream-flation shows no signs of slowing | The Best Stocks to Invest $1,000 in Right Now | Netflix Raises Prices Across U.S. Subscription Tiers",finrobot_outputs/NFLX/analysis,0.8,1.0,0.6,1.0,0.39999999999999997,0.78,0.7945,0.66,0.7623,keep,1.0,"quality=0.79, valuation=0.66, catalyst=0.82, risk=0.76"
2026-03-27,GOOGL,2025A,2026-02-04,0.151,0.447,0.597,28.692653400923053,21.23165446038608,0.0193196333209222,0.4448100635651102,0.4087546499306388,0.1427787075722731,2.005333592875566,0.3182786895115167,10.91,0.5743,0.9484,1.0,1.0,0.9643,1.0,0.8904,16,4,243,263,0.8409,historical_fmp_news_published_before_rebalance,33,37.2,0.7722,historical_fmp_news_published_before_rebalance,263,2026-02-25,2026-03-27,"Microsoft, Meta, and Alphabet Stocks Are All Getting Hammered. But I Think Only 1 Is Worth Buying | Meta, Google face ‘Big Tobacco'-like reckoning after landmark verdicts on social media addiction | 'FOUND NEGLIGENT': Bombshell verdict ROCKS Meta and Google",finrobot_outputs/GOOGL/analysis,0.6,0.8,0.4,0.6,0.8,0.64,0.7902,0.48,0.721,keep,1.0,"quality=0.79, valuation=0.48, catalyst=0.84, risk=0.77"
2026-03-27,AMAT,2025A,2025-12-12,0.044000000000000004,0.34,0.48700000000000004,26.57749642755073,19.25371191709845,0.0306361677111352,0.7160090474993717,0.2805273547659334,0.3453343130051433,2.6104513064133017,0.3427871662992897,8.71,0.2686,0.6901,1.0,0.9649,0.9137,1.0,0.7498,4,0,55,59,0.8833,historical_fmp_news_published_before_rebalance,27,27.9,0.25,historical_fmp_news_published_before_rebalance,59,2026-02-25,2026-03-27,"Can HBM and Packaging Demand Accelerate AMAT's Revenue Growth? | Applied Materials Raises Quarterly Cash Dividend by 15 Percent | AMAT Climbs 33.4% in 3 Months: Time to Buy, Sell or Hold the Stock?",finrobot_outputs/AMAT/analysis,0.2,0.4,0.8,0.8,0.6000000000000001,0.52,0.6579,0.81,0.7002,keep,1.0,"quality=0.66, valuation=0.81, catalyst=0.88, risk=0.25"
2026-03-27,CSCO,2025A,2025-09-03,0.053,0.271,0.649,26.828235756385066,19.04398751463129,0.0486541318078803,0.9362361727612204,0.2505207046280933,0.599726746792477,0.9977754962354553,0.2173216916081378,2.56,0.2943,0.7306,1.0,0.9109,0.4325,0.7244,0.6853,3,1,41,45,0.7667,historical_fmp_news_published_before_rebalance,19,18.6,0.25,historical_fmp_news_published_before_rebalance,45,2026-02-25,2026-03-27,Cisco Expands AI Agentic Security Portfolio: Will the Tech Deliver? | Cisco Bets on New Portfolio to Reignite Security Growth: What's Ahead? | Cisco is Overvalued at 4.95X PS: Should You Still Buy the Stock?,finrobot_outputs/CSCO/analysis,0.4,0.2,1.0,0.4,0.2,0.44000000000000006,0.5872,0.85,0.6551,keep,1.0,"quality=0.59, valuation=0.85, catalyst=0.77, risk=0.25"
2026-03-27,ISRG,2025A,2026-02-03,0.205,0.36,0.66,70.77516946778711,54.95188096946944,0.0123220310752055,0.8218775779574328,0.3011018708953074,0.0169883303411131,4.874638620277141,0.1602333931777378,8.0,0.7286,0.865,1.0,1.0,0.9958,0.5341,0.8702,10,0,42,52,0.9417,historical_fmp_news_published_before_rebalance,19,19.9,0.25,historical_fmp_news_published_before_rebalance,52,2026-02-25,2026-03-27,"ISRG's Margins Contract in Q4: Will Tariffs Continue to Hurt in 2026? | 2 Stocks That Could Create Lasting Generational Wealth | Intuitive Surgical Stock: Buy, Sell, or Hold?",finrobot_outputs/ISRG/analysis,1.0,0.6,0.2,0.2,1.0,0.6200000000000001,0.7701,0.2,0.6099,keep,1.0,"quality=0.77, valuation=0.20, catalyst=0.94, risk=0.25"
2026-04-02,META,2025A,2026-01-28,0.222,0.52,0.82,27.524676469615272,16.376314133221104,0.0277082887180248,0.3981778929188255,0.576216872505797,0.3861896585850867,2.5987666124868536,0.2782966539773433,23.98,0.7771,1.0,1.0,1.0,0.9035,0.9277,0.9355,15,18,385,418,0.62,historical_fmp_news_published_before_rebalance,77,82.8,0.6184,historical_fmp_news_published_before_rebalance,418,2026-03-03,2026-04-02,WhatsApp Whistle-Blower Suit Is Dismissed | Meta: Time To Go Bear Hunting In Value Valley | Meta was finally held accountable for harming teens. Now what?,finrobot_outputs/META/analysis,1.0,0.8,0.8,0.6,0.6000000000000001,0.79,0.8773,0.8,0.7806,keep,1.0,"quality=0.88, valuation=0.80, catalyst=0.62, risk=0.62"
2026-04-02,NFLX,2025A,2026-01-23,0.159,0.67,0.485,36.11005398771956,13.28593635675507,0.0238595086988615,0.9321902169741616,0.2246257422807976,0.5433992418249104,1.185709316059751,0.4125868742290203,2.58,0.5971,0.8533,1.0,0.8643,0.5249,1.0,0.8042,15,4,183,202,0.8333,historical_fmp_news_published_before_rebalance,59,60.9,0.3372,historical_fmp_news_published_before_rebalance,202,2026-03-03,2026-04-02,"Netflix faces key quarter after strategic reset, says Bank of America | 4 Broadcast Radio & TV Stocks to Watch From a Challenging Industry | AMZN, AAPL and NFLX Forecasts – Streamers Trying to Jump",finrobot_outputs/NFLX/analysis,0.6,1.0,0.6,1.0,0.39999999999999997,0.73,0.7745,0.66,0.7139,keep,1.0,"quality=0.77, valuation=0.66, catalyst=0.83, risk=0.34"
2026-04-02,GOOGL,2025A,2026-02-04,0.151,0.447,0.597,28.692653400923053,21.23165446038608,0.0193196333209222,0.4448100635651102,0.4087546499306388,0.1427787075722731,2.005333592875566,0.3182786895115167,10.91,0.5743,0.9484,1.0,1.0,0.9643,1.0,0.8904,14,7,252,273,0.7565,historical_fmp_news_published_before_rebalance,43,48.2,0.6815,historical_fmp_news_published_before_rebalance,273,2026-03-03,2026-04-02,"Got $10,000? This Is Exactly How I'd Split It Across These 5 AI Stocks Right Now | Nvidia At A Discount? Tech Valuations Look Attractive And Mark Gibbens Says It's 'A Great Time to Get In' On PLTR, NVDA And GOOGL | Future shares flop on profit warning as Google search changes hit ad revenues",finrobot_outputs/GOOGL/analysis,0.4,0.6,0.4,0.8,0.8,0.5700000000000001,0.7622,0.48,0.6824,keep,1.0,"quality=0.76, valuation=0.48, catalyst=0.76, risk=0.68"
2026-04-02,CSCO,2025A,2025-09-03,0.053,0.271,0.649,26.828235756385066,19.04398751463129,0.0486541318078803,0.9362361727612204,0.2505207046280933,0.599726746792477,0.9977754962354553,0.2173216916081378,2.56,0.2943,0.7306,1.0,0.9109,0.4325,0.7244,0.6853,4,1,37,42,0.8,historical_fmp_news_published_before_rebalance,19,18.6,0.25,historical_fmp_news_published_before_rebalance,42,2026-03-03,2026-04-02,Cisco Expands AI Agentic Security Portfolio: Will the Tech Deliver? | Cisco Bets on New Portfolio to Reignite Security Growth: What's Ahead? | Cisco is Overvalued at 4.95X PS: Should You Still Buy the Stock?,finrobot_outputs/CSCO/analysis,0.2,0.2,1.0,0.4,0.2,0.39,0.5672,0.86,0.6552,keep,1.0,"quality=0.57, valuation=0.86, catalyst=0.80, risk=0.25"
2026-04-02,ISRG,2025A,2026-02-03,0.205,0.36,0.66,70.77516946778711,54.95188096946944,0.0123220310752055,0.8218775779574328,0.3011018708953074,0.0169883303411131,4.874638620277141,0.1602333931777378,8.0,0.7286,0.865,1.0,1.0,0.9958,0.5341,0.8702,9,0,37,46,0.9364,historical_fmp_news_published_before_rebalance,17,17.7,0.25,historical_fmp_news_published_before_rebalance,46,2026-03-03,2026-04-02,"ISRG's Margins Contract in Q4: Will Tariffs Continue to Hurt in 2026? | 2 Stocks That Could Create Lasting Generational Wealth | Intuitive Surgical Stock: Buy, Sell, or Hold?",finrobot_outputs/ISRG/analysis,0.8,0.4,0.2,0.2,1.0,0.5200000000000001,0.7301,0.2,0.5908,reduce,0.7,"quality=0.73, valuation=0.20, catalyst=0.94, risk=0.25"
2026-04-10,META,2025A,2026-01-28,0.222,0.52,0.82,27.524676469615272,16.376314133221104,0.0277082887180248,0.3981778929188255,0.576216872505797,0.3861896585850867,2.5987666124868536,0.2782966539773433,23.98,0.7771,1.0,1.0,1.0,0.9035,0.9277,0.9355,18,18,363,399,0.65,historical_fmp_news_published_before_rebalance,70,76.0,0.64,historical_fmp_news_published_before_rebalance,399,2026-03-11,2026-04-10,"Meta pulls ads aimed at recruiting plaintiffs for social media addiction lawsuits | S&P500 and Nasdaq 100: Meta Jump Drives US Stocks Today, Oil Shapes Forecast | Why CoreWeave's New $21 Billion Meta Deal Matters More Than the $3 Billion in New Debt",finrobot_outputs/META/analysis,1.0,0.8,0.8,0.4,0.39999999999999997,0.7300000000000001,0.8533,0.8,0.778,keep,1.0,"quality=0.85, valuation=0.80, catalyst=0.65, risk=0.64"
2026-04-10,AMAT,2025A,2025-12-12,0.044000000000000004,0.34,0.48700000000000004,26.57749642755073,19.25371191709845,0.0306361677111352,0.7160090474993717,0.2805273547659334,0.3453343130051433,2.6104513064133017,0.3427871662992897,8.71,0.2686,0.6901,1.0,0.9649,0.9137,1.0,0.7498,6,0,51,57,0.9125,historical_fmp_news_published_before_rebalance,33,34.7,0.25,historical_fmp_news_published_before_rebalance,57,2026-03-11,2026-04-10,Forget NVIDIA: 2 AI Stocks Poised to Be Next Big Winners | Can HBM and Packaging Demand Accelerate AMAT's Revenue Growth? | Applied Materials Raises Quarterly Cash Dividend by 15 Percent,finrobot_outputs/AMAT/analysis,0.2,0.2,1.0,0.8,0.6000000000000001,0.51,0.6539,0.86,0.7168,keep,1.0,"quality=0.65, valuation=0.86, catalyst=0.91, risk=0.25"
2026-04-10,NFLX,2025A,2026-01-23,0.159,0.67,0.485,36.11005398771956,13.28593635675507,0.0238595086988615,0.9321902169741616,0.2246257422807976,0.5433992418249104,1.185709316059751,0.4125868742290203,2.58,0.5971,0.8533,1.0,0.8643,0.5249,1.0,0.8042,19,3,241,263,0.8833,historical_fmp_news_published_before_rebalance,96,97.1,0.25,historical_fmp_news_published_before_rebalance,263,2026-03-11,2026-04-10,"Netflix, big banks face a moment of truth as the Iran cease-fire rally meets earnings season | Netflix vs. Walt Disney: Consistency vs. | The Week Ahead: Netflix, Bank Earnings on Deck",finrobot_outputs/NFLX/analysis,0.6,1.0,0.6,1.0,0.2,0.7000000000000001,0.7625,0.66,0.7098,keep,1.0,"quality=0.76, valuation=0.66, catalyst=0.88, risk=0.25"
2026-04-10,GOOGL,2025A,2026-02-04,0.151,0.447,0.597,28.692653400923053,21.23165446038608,0.0193196333209222,0.4448100635651102,0.4087546499306388,0.1427787075722731,2.005333592875566,0.3182786895115167,10.91,0.5743,0.9484,1.0,1.0,0.9643,1.0,0.8904,16,5,280,301,0.8174,historical_fmp_news_published_before_rebalance,55,58.9,0.6239,historical_fmp_news_published_before_rebalance,301,2026-03-11,2026-04-10,Alphabet vs. Microsoft: A Comparison of Recent Revenue Trends | DeepMind CEO Called It Wartime When ChatGPT Hit 100 Million Users and Google Went All In | William O'Neil Reinstates Alphabet With a Buy: Is the Search Giant's Self-Driving Future Finally Getting Its Due?,finrobot_outputs/GOOGL/analysis,0.4,0.6,0.4,0.6,0.8,0.54,0.7502,0.48,0.6835,keep,1.0,"quality=0.75, valuation=0.48, catalyst=0.82, risk=0.62"
2026-04-10,ISRG,2025A,2026-02-03,0.205,0.36,0.66,70.77516946778711,54.95188096946944,0.0123220310752055,0.8218775779574328,0.3011018708953074,0.0169883303411131,4.874638620277141,0.1602333931777378,8.0,0.7286,0.865,1.0,1.0,0.9958,0.5341,0.8702,9,0,43,52,0.9364,historical_fmp_news_published_before_rebalance,22,22.7,0.25,historical_fmp_news_published_before_rebalance,52,2026-03-11,2026-04-10,"ISRG's Margins Contract in Q4: Will Tariffs Continue to Hurt in 2026? | 2 Stocks That Could Create Lasting Generational Wealth | Intuitive Surgical Stock: Buy, Sell, or Hold?",finrobot_outputs/ISRG/analysis,0.8,0.4,0.2,0.2,1.0,0.5200000000000001,0.7301,0.2,0.5908,reduce,0.7,"quality=0.73, valuation=0.20, catalyst=0.94, risk=0.25"
2026-04-17,META,2025A,2026-01-28,0.222,0.52,0.82,27.524676469615272,16.376314133221104,0.0277082887180248,0.3981778929188255,0.576216872505797,0.3861896585850867,2.5987666124868536,0.2782966539773433,23.98,0.7771,1.0,1.0,1.0,0.9035,0.9277,0.9355,21,15,365,401,0.7053,historical_fmp_news_published_before_rebalance,68,74.6,0.6534,historical_fmp_news_published_before_rebalance,401,2026-03-18,2026-04-17,"Meta commits to 1 gigawatt of custom chips with Broadcom | Meta, Broadcom strike multi-year AI chip deal | Why Meta Platforms (META) is Poised to Beat Earnings Estimates Again",finrobot_outputs/META/analysis,1.0,0.8,0.8,0.6,0.6000000000000001,0.79,0.8773,0.8,0.8012,strong_keep,1.2,"quality=0.88, valuation=0.80, catalyst=0.71, risk=0.65"
2026-04-17,NFLX,2025A,2026-01-23,0.159,0.67,0.485,36.11005398771956,13.28593635675507,0.0238595086988615,0.9321902169741616,0.2246257422807976,0.5433992418249104,1.185709316059751,0.4125868742290203,2.58,0.5971,0.8533,1.0,0.8643,0.5249,1.0,0.8042,31,1,310,342,0.9588,historical_fmp_news_published_before_rebalance,121,122.0,0.25,historical_fmp_news_published_before_rebalance,342,2026-03-18,2026-04-17,"Netflix, Inc. (NFLX) Q1 2026 Earnings Call Transcript | Netflix's Failed Warner Deal ‘Built M&A Muscle' For Other Acquisitions | Netflix Investors Just Got Fantastic News From Co-CEOs Greg Peters and Ted Sarandos",finrobot_outputs/NFLX/analysis,0.6,1.0,0.6,1.0,0.39999999999999997,0.73,0.7745,0.66,0.7303,keep,1.0,"quality=0.77, valuation=0.66, catalyst=0.96, risk=0.25"
2026-04-17,GOOGL,2025A,2026-02-04,0.151,0.447,0.597,28.692653400923053,21.23165446038608,0.0193196333209222,0.4448100635651102,0.4087546499306388,0.1427787075722731,2.005333592875566,0.3182786895115167,10.91,0.5743,0.9484,1.0,1.0,0.9643,1.0,0.8904,25,6,312,343,0.8515,historical_fmp_news_published_before_rebalance,67,71.5,0.5899,historical_fmp_news_published_before_rebalance,343,2026-03-18,2026-04-17,"NiSource signs long-term power deal with Alphabet, expands Amazon agreement | EU spells out how Google must share data with rivals | Will Alphabet (GOOG) Beat Estimates Again in Its Next Earnings Report?",finrobot_outputs/GOOGL/analysis,0.4,0.6,0.4,0.8,0.8,0.5700000000000001,0.7622,0.48,0.6923,keep,1.0,"quality=0.76, valuation=0.48, catalyst=0.85, risk=0.59"
2026-04-17,CSCO,2025A,2025-09-03,0.053,0.271,0.649,26.828235756385066,19.04398751463129,0.0486541318078803,0.9362361727612204,0.2505207046280933,0.599726746792477,0.9977754962354553,0.2173216916081378,2.56,0.2943,0.7306,1.0,0.9109,0.4325,0.7244,0.6853,4,1,53,58,0.8,historical_fmp_news_published_before_rebalance,25,24.6,0.25,historical_fmp_news_published_before_rebalance,58,2026-03-18,2026-04-17,Cisco's AI Networking Surge Gathers Momentum: More Upside Ahead? | Cisco vs. IBM: Which Dividend Tech Stock Is the Better Buy? | Cisco Remains A Buy As AI Tailwinds Broaden,finrobot_outputs/CSCO/analysis,0.2,0.2,1.0,0.4,0.2,0.39,0.5672,0.86,0.6552,keep,1.0,"quality=0.57, valuation=0.86, catalyst=0.80, risk=0.25"
2026-04-17,ISRG,2025A,2026-02-03,0.205,0.36,0.66,70.77516946778711,54.95188096946944,0.0123220310752055,0.8218775779574328,0.3011018708953074,0.0169883303411131,4.874638620277141,0.1602333931777378,8.0,0.7286,0.865,1.0,1.0,0.9958,0.5341,0.8702,4,0,47,51,0.8833,historical_fmp_news_published_before_rebalance,20,19.8,0.25,historical_fmp_news_published_before_rebalance,51,2026-03-18,2026-04-17,"Intuitive Surgical Pre-Q1 Analysis: Buy, Hold or Sell the Stock Now? | Seeking Clues to Intuitive Surgical (ISRG) Q1 Earnings? A Peek Into Wall Street Projections for Key Metrics | SurGenTec Secures FDA 510(k) Clearance for TiLink™ SI joint fusion- Now Navigation Compatible",finrobot_outputs/ISRG/analysis,0.8,0.4,0.2,0.2,1.0,0.5200000000000001,0.7301,0.2,0.5802,reduce,0.7,"quality=0.73, valuation=0.20, catalyst=0.88, risk=0.25"
2026-04-24,META,2025A,2026-01-28,0.222,0.52,0.82,27.524676469615272,16.376314133221104,0.0277082887180248,0.3981778929188255,0.576216872505797,0.3861896585850867,2.5987666124868536,0.2782966539773433,23.98,0.7771,1.0,1.0,1.0,0.9035,0.9277,0.9355,28,11,341,380,0.7951,historical_fmp_news_published_before_rebalance,75,77.0,0.5972,historical_fmp_news_published_before_rebalance,380,2026-03-25,2026-04-24,Meta tracking employee keystrokes to train AI is probably legal. Experts say that doesn't make it ethical | Meta: Golden Buying Opportunity Before Earnings | Consumer watchdog group files suit alleging Meta profited on ads for scams,finrobot_outputs/META/analysis,0.8,1.0,1.0,0.6,0.39999999999999997,0.7999999999999999,0.8813,1.0,0.8653,strong_keep,1.2,"quality=0.88, valuation=1.00, catalyst=0.80, risk=0.60"
2026-04-24,GOOGL,2025A,2026-02-04,0.151,0.447,0.597,28.692653400923053,21.23165446038608,0.0193196333209222,0.4448100635651102,0.4087546499306388,0.1427787075722731,2.005333592875566,0.3182786895115167,10.91,0.5743,0.9484,1.0,1.0,0.9643,1.0,0.8904,33,5,345,383,0.895,historical_fmp_news_published_before_rebalance,69,73.8,0.6315,historical_fmp_news_published_before_rebalance,383,2026-03-25,2026-04-24,"GOOGL Building AI Platform, from Google Gemini to AVGO Partnership | Alphabet set to report modest beat for Q1 driven by AI, Cloud growth | Alphabet: 4 Key Themes On Why This Earnings Report Is Critical",finrobot_outputs/GOOGL/analysis,0.4,0.6,0.8,1.0,0.6000000000000001,0.65,0.7942,0.73,0.782,keep,1.0,"quality=0.79, valuation=0.73, catalyst=0.90, risk=0.63"
2026-04-24,TXN,2025A,2026-02-06,0.13,0.467,0.57,31.53417516496701,20.585119970916143,0.0165057718521866,0.3639032573745281,0.4045356860083701,0.9457997910649544,4.352643241532131,0.3073188717507528,5.45,0.5143,0.9289,1.0,1.0,0.7636,1.0,0.8524,9,2,53,64,0.8385,historical_fmp_news_published_before_rebalance,13,14.0,0.565,historical_fmp_news_published_before_rebalance,64,2026-03-25,2026-04-24,"Texas Instruments' stock jumps 18%, heads for best day since 2000 as AI demand soars | Why Texas Instruments Rocketed Higher Today | Texas Instruments (TXN) Achieves Record Highs with Strong Q1 Results and Optimistic Q2 Outlook",finrobot_outputs/TXN/analysis,0.2,0.8,0.4,0.8,0.2,0.48,0.7034,0.62,0.6957,keep,1.0,"quality=0.70, valuation=0.62, catalyst=0.84, risk=0.56"
2026-04-24,AMD,2025A,2026-02-03,0.34299999999999997,0.21,0.495,80.54065974625145,47.845602749140895,0.0192900483170599,0.8736541704501233,0.222552614105488,0.0709852537341862,2.850026441036489,0.0688106160415244,2.67,1.0,0.5022,1.0,0.8606,0.9823,0.2294,0.792,20,1,133,154,0.9391,historical_fmp_news_published_before_rebalance,35,40.5,0.4678,historical_fmp_news_published_before_rebalance,154,2026-03-25,2026-04-24,AMD: Why I'm Going From Very Bearish To Confidently Bullish | AMD's Gross Margin to Contract Sequentially: Is Growth Getting Harder? | AMD's Rally Isn't Hype,finrobot_outputs/AMD/analysis,1.0,0.2,0.6,0.2,0.8,0.57,0.7032,0.37,0.6435,keep,1.0,"quality=0.70, valuation=0.37, catalyst=0.94, risk=0.47"
2026-04-24,ISRG,2025A,2026-02-03,0.205,0.36,0.66,70.77516946778711,54.95188096946944,0.0123220310752055,0.8218775779574328,0.3011018708953074,0.0169883303411131,4.874638620277141,0.1602333931777378,8.0,0.7286,0.865,1.0,1.0,0.9958,0.5341,0.8702,11,0,56,67,0.9462,historical_fmp_news_published_before_rebalance,20,19.8,0.3401,historical_fmp_news_published_before_rebalance,67,2026-03-25,2026-04-24,Is Innovation-Led Growth Driving ISRG's Revenues Above Procedures? | The Biggest Takeaway From ISRG Earnings | Intuitive Surgical Is A Buy Despite Soaring Post-Earnings,finrobot_outputs/ISRG/analysis,0.6,0.4,0.2,0.4,1.0,0.5,0.7221,0.28,0.6182,keep,1.0,"quality=0.72, valuation=0.28, catalyst=0.95, risk=0.34"
